1,aaa1,bbb1,ccc1
2,aaa2,bbb2,ccc2
3,aaa3,bbb3,ccc3
4,aaa4,bbb4,ccc4
5,aaa5,bbb5,ccc5
6,aaa6,bbb6,ccc6
7,aaa7,bbb7,ccc7
8,aaa8,bbb8,ccc8
9,aaa9,bbb9,ccc9
10,aaa10,bbb10,ccc10
11,aaa11,bbb11,ccc11
12,aaa12,bbb12,ccc12
13,aaa13,bbb13,ccc13
14,aaa14,bbb14,ccc14
15,aaa15,bbb15,ccc15
16,aaa16,bbb16,ccc16
17,aaa17,bbb17,ccc17
18,aaa18,bbb18,ccc18
19,aaa19,bbb19,ccc19
20,aaa20,bbb20,ccc20
21,aaa21,bbb21,ccc21
22,aaa22,bbb22,ccc22
23,aaa23,bbb23,ccc23
24,aaa24,bbb24,ccc24
25,aaa25,bbb25,ccc25
26,aaa26,bbb26,ccc26
27,aaa27,bbb27,ccc27
28,aaa28,bbb28,ccc28
29,aaa29,bbb29,ccc29
30,aaa30,bbb30,ccc30
31,aaa31,bbb31,ccc31
32,aaa32,bbb32,ccc32
33,aaa33,bbb33,ccc33
34,aaa34,bbb34,ccc34
35,aaa35,bbb35,ccc35
36,aaa36,bbb36,ccc36
37,aaa37,bbb37,ccc37
38,aaa38,bbb38,ccc38
39,aaa39,bbb39,ccc39
40,aaa40,bbb40,ccc40
